group_rank,feature_group,Decision Tree — With Risk,Decision Tree — Without Risk,Random Forest — With Risk,Random Forest — Without Risk,average_across_models
1,Secondary mathematics preparation,0.18996855798155898,0.2954811589693715,0.2518725773562657,0.3648309558107106,0.2755383125294767
2,Composite risk measure,0.6873282945290933,0.0,0.2651155824681643,0.0,0.2381109692493144
3,Preparatory mathematics,0.0,0.43140098297946694,0.20611803700571169,0.2906564639548586,0.23204387098500928
4,Previous university performance,0.0,0.1190246692877605,0.11782267251006581,0.1991350199327906,0.10899559043265422
5,Secondary school achievement,0.0809174967128356,0.101142239219522,0.1253046753857548,0.1159440597423454,0.10582711776511446
6,Student characteristics,0.0417856507765117,0.0529509495438785,0.0337664552740372,0.029433500559294,0.03948413903843035
