Feature,Importance
Has 35010,0.5451784378294527
Previous 33130 Fail,0.42501005149835686
International Student,0.02981151067219051
