Feature,Importance
Risk Index,0.6581043126823245
Has 35010,0.20333697551998495
Previous 33130 Fail,0.1067773148809969
International Student,0.031781396916693676
